	0	1	2	3	4
0		0.6931689258292804	0.7618872980770137	0.91525775735895	1.0
1		0.5796821742122703	0.7888904412510728	0.9763300584983464	1.0
2		0.6774675964449871	0.7834189407222024	0.8497825174581138	0.9999999999999996
3		0.7274405460312449	0.8836566408392833	0.989953906776947	1.0
4		0.4779180239584561	0.8892205026170358	0.9498949880620329	0.9999999999999998
5		0.6889773538316596	0.9298267933274916	0.9905370303195714	1.0
6		0.5436114589703239	0.8029552733620409	0.9075012233456975	1.0
7		0.7111334149538631	0.8392977373909729	0.996118139259314	1.0
8		0.77488205258239	0.867167541824649	0.9362451851872708	1.0
9		0.6837277415446591	0.9479016084609554	0.9913197282590054	1.0
10		0.704043609864678	0.9073052153876404	0.9437243096379393	1.0
11		0.8251088821574843	0.9452337667511953	0.9877145711888403	0.9999999999999996
12		0.6567799583764008	0.8148689371792907	0.9602577693840215	1.0
13		0.749909740039238	0.9535505468465008	0.9999916673801311	0.9999999999999998
14		0.7450041120858794	0.8805680728652157	0.936262747882816	1.0
15		0.7720525225784856	0.9024041667852337	0.993139775931577	0.9999999999999996
16		0.7656688146095191	0.9235804871716665	0.9986113493789858	1.0
17		0.7678336541079038	0.9153950117816004	0.9792834580100027	0.9999999999999996
18		0.8314707785561133	0.9325608800739877	0.9668799178472035	0.9999999999999996
19		0.6901758658222286	0.9333218459463571	0.986790024008681	1.0
20		0.7188541150153233	0.8053691569131605	0.9189252516663065	1.0
21		0.7724597794564642	0.8956229535519866	0.9977258592234537	0.9999999999999998
22		0.8778079722020368	0.942239868140397	0.9941842420937949	1.0
23		0.7492276244579573	0.8668315037389017	0.9546275174034587	1.0
24		0.685851993036586	0.8676214537373493	0.9974863480304493	1.0
25		0.8498163479520502	0.9656145828450816	0.9985021868671725	1.0
26		0.8706807784490952	0.9113861854332695	0.9621528210438894	1.0
27		0.5746072319494132	0.7850853932096385	0.9225337976339151	1.0
28		0.43443942983499545	0.7391566218817249	0.9296718239658743	1.0
29		0.6658265960910016	0.7602002378857632	0.8534772874319786	1.0
30		0.8457939923767523	0.9153732862258569	0.9944046467653571	1.0
31		0.687787619534844	0.8693890403901995	0.9656338432872018	0.9999999999999996
32		0.744349166562899	0.9741191959193697	0.9975604848988474	1.0
33		0.48367408627345854	0.7189295054559549	0.9958523726541086	0.9999999999999998
34		0.7251830874672331	0.8442960819637586	0.9598636742563629	0.9999999999999996
35		0.7627019189899104	0.9059018514489839	0.9966914470042274	1.0
36		0.8005004841897969	0.9474839816621029	0.9996742672181661	0.9999999999999998
37		0.8411253612428136	0.8987817001928581	0.943220470869748	0.9999999999999996
38		0.6467188808948949	0.8170103174201535	0.904248001353673	1.0
39		0.7246350503560332	0.7960085761464933	0.9922960900563553	1.0
40		0.7244303879657842	0.893465458124201	0.9902127845984717	0.9999999999999998
41		0.7894111113282374	0.9154216063491124	0.942286853140414	0.9999999999999996
42		0.664828315265153	0.8822788509713034	0.9428161231134413	0.9999999999999996
43		0.504429099136896	0.8852241493001374	0.9976684438101957	1.0
44		0.7902474786476895	0.8614900511712561	0.9642887059688631	1.0
45		0.8246918636317517	0.8696861893488955	0.9811234419330562	1.0
46		0.7226225893275975	0.8597638646940557	0.9334057579933739	1.0
47		0.7736149205538412	0.9655289131139955	0.9999824920382222	1.0
48		0.5485261699017198	0.7620737871270526	0.9718581897388784	0.9999999999999996
49		0.7782932124615712	0.8864263842126855	0.9602230922891078	0.9999999999999996
50		0.7679985883527546	0.8689978675477091	0.9919054255897736	1.0
51		0.5892698009114857	0.8911954297286255	0.933484970033252	1.0
52		0.8600300226910342	0.9470714627081458	0.9986998657865204	1.0
53		0.6619591191927073	0.8874869127661688	0.9927854182575843	1.0
54		0.6355624476896213	0.7550090742145793	0.8863554714450284	1.0
55		0.676269438056469	0.8780352157862057	0.9722503349043651	0.9999999999999998
56		0.7519780607504943	0.8378079397871496	0.9351137869464069	0.9999999999999996
57		0.5082367032952858	0.7348540646287489	0.9010390321047858	0.9999999999999996
58		0.7711029711885747	0.8301953857575625	0.9757831420495768	0.9999999999999996
59		0.8000692560738079	0.9352499288824486	0.9897138831489289	1.0
60		0.696929061023314	0.8241128001323786	0.9547669921179726	1.0
61		0.803616370950839	0.8776499979939264	0.9889982319382604	1.0
62		0.585412284689917	0.9331851406884178	0.9800263476839672	0.9999999999999996
63		0.6829123966057853	0.7643359030194826	0.9739879727815169	1.0
64		0.507663261142919	0.7956239155049044	0.999898438767891	1.0
65		0.8284814224352073	0.9564271672519248	0.9987758601796171	0.9999999999999996
66		0.7114060787883754	0.9110975377519474	0.9994175120325073	1.0
67		0.5769651200062687	0.7877441235038026	0.9689279313658504	1.0
68		0.668714263206129	0.8559814057725974	0.9630661820844177	0.9999999999999996
69		0.7530321389925831	0.8899633670409641	0.9850810988466451	1.0
70		0.7342998984425096	0.8927415393643561	0.9976430164594428	1.0
71		0.6133870801112014	0.8748954889439575	0.9608406920577599	1.0
72		0.6221239544759454	0.8156093116878708	0.9943185813296488	1.0
73		0.733534110260784	0.8483992086255439	0.9942192568413476	1.0
74		0.7765902568521313	0.9060213918324143	0.9998771916773693	1.0
75		0.7422674565017252	0.8302465737328341	0.9956330006032429	1.0
76		0.6639621336726887	0.9145265756381082	0.999992382066406	1.0
77		0.7696826171494183	0.8429768939075671	0.9687482280251949	1.0
78		0.7949568795510299	0.9506977464260229	0.9998047876640153	1.0
79		0.5726140646130208	0.8398808782075359	0.935097873691681	0.9999999999999996
80		0.8631491169848504	0.9638021098573036	0.9857475293091528	1.0
81		0.6188299660641331	0.861038697002514	0.9956663129481648	1.0
82		0.5883029660512381	0.7935111396997994	0.9427623985037119	0.9999999999999998
83		0.8111307284068701	0.932360352515462	0.9998699395227861	0.9999999999999996
84		0.7910692361524123	0.950709107652504	0.9802611292078446	1.0
85		0.7362395411422344	0.8812226597560507	0.9983639621849377	1.0
86		0.7647654782850319	0.9211557844472905	0.9777694587674937	0.9999999999999998
87		0.6785508638882043	0.9276127297596218	0.9937585609882748	1.0
88		0.7678225483669329	0.8738685989126729	0.8939804683841457	1.0
89		0.8291422108038038	0.9766014350610711	0.9999726260076794	0.9999999999999996
90		0.7154899869367897	0.8371057602144744	0.9924321873426357	1.0
91		0.7299818121287515	0.9326460584576405	0.9766005275096786	1.0
92		0.6561683563649429	0.8068879597469739	0.9309003433265471	1.0
93		0.6633023784769813	0.8040836318538714	0.961646201494972	1.0
94		0.7480274184377959	0.924485278170838	0.9419907375868337	1.0
95		0.80239064121742	0.9167902124901665	0.9834357976980098	1.0
96		0.7560683726663181	0.9484340186310893	0.9705056104332556	1.0
97		0.7963363588330966	0.9120302320475293	0.9973277384914532	1.0
98		0.6201149256585178	0.804713424028899	0.9987944391592463	1.0
99		0.776041975649605	0.9324635021059898	0.9803575276519579	1.0
100		0.5997844657835629	0.8007381473104218	0.9855218887534382	0.9999999999999996
101		0.7930072420949985	0.9445432413041862	0.9907602907638967	1.0
102		0.7068021176488334	0.9284713855908107	0.9999950323462291	1.0
103		0.7274638532058715	0.8689385153445617	0.9717862433914648	1.0
104		0.710196780443854	0.8604854169928058	0.9579121157303251	1.0
105		0.6999978434134003	0.9368450798006	0.9868078398768685	1.0
106		0.5256016028025327	0.7174987755672982	0.9170336158169355	1.0
107		0.5774221360003872	0.8015162730261282	0.9925058648686855	1.0
108		0.7176401400361628	0.9404357807020204	0.9725081216943053	1.0
109		0.627730837624963	0.8043357287223639	0.9084150848997198	1.0
110		0.6730236921702063	0.8437956793152986	0.9453410538074232	0.9999999999999996
111		0.8339261121455378	0.9445307218969439	0.9801003067409974	1.0
112		0.7710544467596349	0.9384473469905261	0.9851894472715733	0.9999999999999996
113		0.49155524826460656	0.8079572862424821	0.9525978295995621	0.9999999999999998
114		0.7199858506128957	0.8501768888046652	0.9995955836543564	1.0
115		0.7120051348583776	0.8387425524818259	0.9888472397749688	1.0
116		0.740370257809561	0.8828289540763368	0.9952312474506005	1.0
117		0.6372826291365837	0.7619393425218745	0.9081829046780506	1.0
118		0.6870588255710943	0.8937937845110734	0.980264536435969	1.0
119		0.8379126306886954	0.9039875137573704	0.9994595429407964	1.0
120		0.7835775708721061	0.9170997093369093	0.9283521570027181	0.9999999999999996
121		0.7504480970179145	0.9399111627367159	0.9983346636865496	1.0
122		0.7011852132649692	0.920140233700611	0.992640383881968	1.0
123		0.8238417104986544	0.8853913783612611	0.99993498831235	1.0
124		0.751713308931233	0.8699563483434705	0.9978235054309166	1.0
125		0.8538015921426998	0.9765293945360389	0.9884741089309848	1.0
126		0.8059354302047944	0.89466349335743	0.920024481703475	1.0
127		0.808671162545348	0.951142981577038	0.9835300768889201	1.0
128		0.8114343606773555	0.962386850306271	0.986685350535619	1.0
129		0.7089130494652824	0.8395724220827461	0.9958436930892538	1.0
130		0.7874809838545608	0.9239585796151641	0.9802044451585031	1.0
131		0.4672308483347703	0.6391102585984553	0.8198614205730125	1.0
132		0.7693127421565877	0.9082767746691651	0.9982555341782103	1.0
133		0.6567784881700962	0.8862845742996929	0.9901982391325794	0.9999999999999998
134		0.8050321618652316	0.9507547776656597	0.9851137484107921	1.0
135		0.5639471903277007	0.8694192260867888	0.9933246084742541	1.0
136		0.6546061027512536	0.8806697631175688	0.9695800375920303	1.0
137		0.716453580188625	0.8958596036853499	0.9956696538972792	0.9999999999999996
138		0.667910119541964	0.9080311896027863	0.9991452436593175	1.0
139		0.6417534098407497	0.7712347245906895	0.9158091825840522	1.0
140		0.8434288236823652	0.9634970376421255	0.9952064642399355	1.0
141		0.6406909588163827	0.967945316229554	0.9833220104308634	1.0
142		0.723943215082228	0.815045711022788	0.894213064641826	1.0
143		0.8104653722595405	0.8821234133736088	0.9853003979737436	0.9999999999999996
144		0.7492415591555946	0.8563972232807312	0.9237211922346843	1.0
145		0.743336117119445	0.9331034956823218	0.959887925019965	1.0
146		0.7189142331565724	0.8552638888451586	0.9818798497015607	1.0
147		0.6432606671141211	0.7279539872908898	0.9747605212109713	1.0
148		0.8118779977982739	0.967097859158263	0.9919997934660282	1.0
149		0.7323698066101021	0.8638537036326291	0.9835249662575185	1.0
150		0.7728065365179699	0.9227725790623492	0.9907516260302478	1.0
151		0.8763261115838198	0.9230874803389074	0.9549393101364525	1.0
152		0.6435170127283307	0.8451778108424344	0.9225980650521217	1.0
153		0.7021255182996328	0.7837510505273133	0.9859488494760327	1.0
154		0.7457756341799832	0.8361543969524896	0.96512214997437	1.0
155		0.8060773550559014	0.9451680577124577	0.976424742902285	1.0
156		0.6447007304827683	0.790991231412501	0.9705105110319809	1.0
157		0.6342691613852638	0.8908713716932228	0.9994681088829168	0.9999999999999998
158		0.7780871436240699	0.8731341961050236	0.9876978719029906	1.0
159		0.7548536272800577	0.9699607452477118	0.9989829496391198	1.0
160		0.5411653370660325	0.8383272520241234	0.9294783389868677	0.9999999999999996
161		0.7067866714438273	0.8453703827260483	0.9953051998762438	0.9999999999999996
162		0.8335548550051731	0.9584586843090633	0.9996478560288111	1.0
163		0.7921530117415733	0.9247976606876682	0.9706566864725448	1.0
164		0.6195288000846277	0.9024399957665392	0.9539673960960005	0.9999999999999998
165		0.7066300048747937	0.7898708318739965	0.9687892213945947	1.0
166		0.7477294304335658	0.8805508642965962	0.994322876261163	1.0
167		0.5576850432790642	0.8354936125767997	0.9447525140023697	1.0
168		0.5157830581175078	0.7775701072857775	0.9576005322025286	1.0
169		0.6863867118515649	0.740673613945884	0.8944407654754922	1.0
170		0.6678297684917553	0.8807117475901691	0.9739510671783314	1.0
171		0.7428942184573165	0.8656973030024444	0.8834122295717649	1.0
172		0.41506943705651256	0.7604109658606838	0.786581594857336	1.0
173		0.6817480519817323	0.8245630882507592	0.9740161599208399	1.0
174		0.8313520067769343	0.9045947867136214	0.9585713629512723	1.0
175		0.8127826757461417	0.8843693961671757	0.9902564523663693	1.0
176		0.5540670888586421	0.9301802106277794	0.9525315824533866	1.0
177		0.6289586534037778	0.8467923625390958	0.9556471292033605	1.0
178		0.7046272907812812	0.8885649980780778	0.9903584439351685	1.0
179		0.7081742171288552	0.7800471633904372	0.9997006786631287	1.0
180		0.5495672198360256	0.7584516501505529	0.9537289380309117	1.0
181		0.5930529972328367	0.8046695340739987	0.9996952939133692	1.0
182		0.7899177308150177	0.9442706794156585	0.9942222905438285	1.0
183		0.8451747013982255	0.9531629720953928	0.9771714407595656	1.0
184		0.46355634316186156	0.6769454395705244	0.9183113263551274	1.0
185		0.7293145413934403	0.834832288787423	0.9743358550044546	0.9999999999999996
186		0.6905849598180795	0.8747566777094913	0.9861036459574366	0.9999999999999996
187		0.6849877050729939	0.8104892745053638	0.9998414482091492	0.9999999999999998
188		0.7595815916786457	0.8789451437756389	0.9920635246758718	0.9999999999999998
189		0.8024001374233571	0.9165821599605841	0.9717336953374629	1.0
190		0.8316119611807822	0.8842636436583734	0.9887292156754419	1.0
191		0.814252587240896	0.9501414264361148	0.9936727345171531	1.0
192		0.5646049108401932	0.7142498275570657	0.9601559848168086	1.0
193		0.5424585977572821	0.7063998575072336	0.9163544454021474	1.0
194		0.8517306249923093	0.9632799647041782	0.9895916345104865	1.0
195		0.6810211868503874	0.9388322409066999	0.9892592276476794	0.9999999999999996
196		0.7422696959890756	0.8506170993158657	0.9799729228792542	1.0
197		0.5748538066773162	0.9615312852815856	0.9992154092658598	1.0
198		0.7824125125675695	0.8850903579702342	0.9652838638907575	1.0
199		0.6370698446599207	0.8737486604476727	0.9831992716054777	1.0
200		0.6013391571332252	0.8830633405374514	0.9873719370601977	1.0
201		0.662709119770048	0.7872862604243174	0.8493471040673318	0.9999999999999996
202		0.5216308001293962	0.9371384316785598	0.9729666121887196	1.0
203		0.7006928153332704	0.8738319968763588	0.9999711702470672	0.9999999999999996
204		0.7680464684799535	0.9358223428840219	0.999986714028011	0.9999999999999996
205		0.5247834059495531	0.8297725133306968	0.9792567053855468	1.0
206		0.809099465928308	0.9577412372697378	0.9759042523279208	1.0
207		0.6018946582903631	0.747746807545899	0.9685813343409923	1.0
208		0.7521538847419064	0.9239835697395336	0.9986347152770635	1.0
209		0.7311383902831422	0.9486798622407111	0.9930667461392277	1.0
210		0.7751683395860198	0.8461745649132035	0.9803500382562208	1.0
211		0.8358173095000921	0.9577783910261931	0.9856084174560888	1.0
212		0.7655336157980271	0.8643895297547414	0.9802906013383416	1.0
213		0.7630163637773933	0.885578425667992	0.9709670472015447	1.0
214		0.7306669414883383	0.8700725151717733	0.9131708884050941	0.9999999999999996
215		0.7725699703833783	0.8743775035156851	0.9996372859323751	1.0
216		0.6895942438224726	0.8799597234338515	0.9751550896986216	0.9999999999999991
217		0.6642437318815639	0.865300272473799	0.9774873103062346	1.0
218		0.4508926026157571	0.9059584463195145	0.9999865313722007	0.9999999999999996
219		0.5983308408166695	0.7146289898945472	0.9292663754222736	1.0
220		0.7138248044105495	0.9293075349294315	0.9703846563892938	1.0
221		0.6979401671937961	0.944350784360955	0.9656672333674456	1.0
222		0.5911952177275567	0.765660946539941	0.9571867003394968	1.0
223		0.6579787847945859	0.8632669281267348	0.9908292541208774	1.0
224		0.8115264920115953	0.9472707710430508	0.983234912605463	1.0
225		0.7376398037995354	0.8334787486588225	0.9749840730392632	1.0
226		0.6789093345418242	0.8671278082772451	0.9413988674862211	1.0
227		0.7610222370387023	0.8885201115159974	0.9987877252564831	1.0
228		0.7383960682292388	0.7937314924844927	0.9935733671751216	1.0
229		0.6459210853368511	0.7958235554876125	0.8957159315804157	1.0
230		0.8855863877435068	0.9196609793499784	0.9997762800661949	1.0
231		0.7231719530755276	0.9192106383226996	0.9808148214838728	1.0
232		0.679608784502094	0.8871132912923008	0.9905785931855818	0.9999999999999998
233		0.588462142835302	0.7720819700769047	0.9866676672452159	1.0
234		0.7079694713020556	0.7896205549976849	0.9723429371326773	1.0
235		0.7749980230803718	0.8645756288030124	0.9718398772364374	1.0
236		0.6479955772616136	0.851023849811797	0.9257824653473637	1.0
237		0.8044718960955557	0.9652480640951732	0.9989874386050579	1.0
238		0.7051494118328356	0.928087195303181	0.9856377488671733	1.0
239		0.7922090670505428	0.9382719632957968	0.9881770046627945	1.0
240		0.6654071268597501	0.9708292157452066	0.9979538679357187	1.0
241		0.5568228998140691	0.786742664163744	0.9954646060532781	1.0
242		0.8575739868104584	0.9378767950181085	0.9625792118512839	0.9999999999999998
243		0.52519134095648	0.6941938844091374	0.9771484567212753	1.0
244		0.7507538729213995	0.9524840742713316	0.97351420392072	1.0
245		0.8127905056741753	0.9044864795485063	0.9630658742259594	1.0
246		0.6797424205603685	0.935434235975733	0.9981270302018687	1.0
247		0.7324032127506976	0.8703475667694117	0.9722760363874785	1.0
248		0.7162343543218214	0.8735314505366478	0.9909271464139771	0.9999999999999996
249		0.7303847639366736	0.9062197470205778	0.9810218152157635	1.0
250		0.610721820789671	0.7562602593824022	0.936179129217005	1.0
251		0.818582068406077	0.9177272955538154	0.9382719881522642	1.0
252		0.7057879247382765	0.8504294461600037	0.9797092347553443	1.0
253		0.7446847623217383	0.8833404306219427	0.9988300691886287	1.0
254		0.7708411201143767	0.9411786751575363	0.9936473931730087	1.0
255		0.7853171308934666	0.9471057903392105	0.9802694293770945	1.0
256		0.7720947086504525	0.8561781323072151	0.9956391393375045	1.0
257		0.8868926375439168	0.9711366914660835	0.9998142621928493	1.0
258		0.8211306999515026	0.9073203987159577	0.999031033142498	1.0
259		0.7837799432205291	0.8790184964553277	0.9995940992786514	0.9999999999999996
260		0.645093172029923	0.8488186427989322	0.9881896592863555	0.9999999999999998
261		0.8075607727131603	0.902072744904686	0.9852467726816732	1.0
262		0.654047603336241	0.9264687701098755	0.9639270454528571	1.0
263		0.7949650624372595	0.8947156190885086	0.9774937775598672	0.9999999999999996
264		0.7170391593021885	0.8703035010181778	0.9950634910779813	1.0
265		0.6564716406504472	0.9001756332917458	0.9745145606562832	1.0
266		0.824606422299516	0.9315495472336486	0.9927026993561002	1.0
267		0.8273743159661205	0.9559132919678028	0.9994480077272955	1.0
268		0.5482621011552973	0.8562754272250701	0.998222087709036	1.0
269		0.6454149821950309	0.7971980147159211	0.9918266905475354	0.9999999999999998
270		0.8574760116588129	0.9747271402800634	0.9999939636150527	1.0
271		0.7566022542816662	0.8425925660163266	0.9338161091945272	0.9999999999999996
272		0.7544051478750061	0.8753827796333192	0.979735869201805	1.0
273		0.6566242954587937	0.7788619934621974	0.9650933728497036	0.9999999999999996
274		0.782910275269174	0.931829308130419	0.9986612722032402	1.0
275		0.8299745104346408	0.9377184576874545	0.9751511973036392	1.0
276		0.6543850454055276	0.8255800952093068	0.9878342842662531	1.0
277		0.44120809513299186	0.6585334156117459	0.9610586668806438	0.9999999999999998
278		0.7835518610319716	0.8925474321082251	0.9761158883990569	1.0
279		0.769537547581989	0.8506611942135236	0.9584712900974404	1.0
280		0.44592235631634375	0.7503672122744287	0.9280487268555132	1.0
281		0.7314518819589794	0.8188565492285264	0.9999827962147104	1.0
282		0.6103032562155283	0.8048605574355734	0.9981849012846464	1.0
283		0.7932685186799023	0.9523901614722107	0.9896613064062663	1.0
284		0.7864978481889265	0.8884526681070655	0.9810985736721705	0.9999999999999998
285		0.7870945353359711	0.8543750988855382	0.9525866452506843	1.0
286		0.6950222581362203	0.9655724058027906	0.9960586980061575	1.0
287		0.6956146197106183	0.874076196734988	0.8965717208285471	0.9999999999999996
288		0.6838302474043487	0.8620243280496822	0.9220704088087756	1.0
289		0.689961107013414	0.7510073989058025	0.9943142288786534	1.0
290		0.6617614331021525	0.7120345621186377	0.7976759137674713	0.9999999999999996
291		0.8486319472031743	0.9012436688064432	0.9795075237207934	0.9999999999999998
292		0.7471951099887316	0.840682069858305	0.9724525014559313	1.0
293		0.7130759147780229	0.9545551267483732	0.9870974290186681	1.0
294		0.37481642944006166	0.5543984952688207	0.9934128496853346	1.0
295		0.7098511716805289	0.8865209988197795	0.9469264498688835	1.0
296		0.7276850446915991	0.920302710496355	0.9955891234928588	1.0
297		0.735016333185	0.8721409477907707	0.989390198968611	0.9999999999999996
298		0.6514166318415946	0.8897539705734435	0.9853797037800367	1.0
299		0.6844948091149707	0.8516015463152913	0.9083601510426036	1.0
300		0.5824997689245606	0.825448991208748	0.9992892527922382	1.0
301		0.6720470314059401	0.912569052004105	0.9832113806874412	1.0
302		0.6968101054801891	0.8037870671786148	0.9840753795095917	1.0
303		0.7341802418083291	0.9131676925724898	0.9333073493418695	1.0
304		0.8696579873068441	0.9552158016777511	0.9738648997625174	1.0
305		0.504996758321414	0.8735004027539854	0.9984157126427103	1.0
306		0.6934461561893526	0.7968975822531487	0.9275611021462545	1.0
307		0.765962938940933	0.8988355330476409	0.9986188739546967	1.0
308		0.6947990664865872	0.8111095281281586	0.939299106133203	1.0
309		0.7986790183969937	0.8818541245558128	0.9940964385513192	1.0
310		0.6946939843161815	0.9364806019227863	0.969529342422029	1.0
311		0.7257832859655895	0.8692699833500008	0.9775199240390474	1.0
312		0.6268248654397731	0.7487828644323128	0.9981236149663271	1.0
313		0.6877513682468952	0.8697043545868344	0.9477006065222642	1.0
314		0.8067271702262119	0.933265283804442	0.9832372140187642	1.0
315		0.818057419054484	0.9255736774726427	0.9936915422957096	1.0
316		0.5448448961834425	0.7027466150274235	0.9865172736898639	0.9999999999999996
317		0.7976034286162436	0.9658205376032842	0.9980494538692332	1.0
318		0.6129116024535046	0.9501153970941395	0.9907456619790473	1.0
319		0.6988035269474112	0.8761941121641539	0.9850192507296727	0.9999999999999996
320		0.7644580921686022	0.9643502768233198	0.9999425407809281	0.9999999999999996
321		0.5538647090782723	0.8164947815014718	0.9531721848423069	1.0
322		0.5959234322051778	0.8503286847738968	0.9836137099496457	1.0
323		0.613898240528091	0.7666514370484032	0.923788583637712	1.0
324		0.5280800184745471	0.7124376002775731	0.99997685243143	0.9999999999999998
325		0.684987825459824	0.9059211528314614	0.9964015200719428	1.0
326		0.6004491071547353	0.8590275772431532	0.9562972064485896	1.0
327		0.8043023972992436	0.9192433512158175	0.9984829935026974	1.0
328		0.8060675269356693	0.9523396607398991	0.9846198932789566	1.0
329		0.6500089067239299	0.8039100937577277	0.8984941715455842	1.0
330		0.7522009507288662	0.8235540517484006	0.9117670510209936	1.0
331		0.414393391912656	0.7144882662024169	0.998032084692964	1.0
332		0.786676664328052	0.8687572048464323	0.985764087955763	1.0
333		0.662969134192242	0.8098350606621587	0.9920223525200872	1.0
334		0.6288986401129789	0.783722758667763	0.9789783780512034	1.0
335		0.6831222754274893	0.8446747610048616	0.9145449562391347	1.0
336		0.5605703592115123	0.6732800097151068	0.8659115391735076	1.0
337		0.6209308288265954	0.7895601766682284	0.9019422789835758	1.0
338		0.7150828420131858	0.9647425464672974	0.9933580432450998	1.0
339		0.7676690278130198	0.9131758024278588	0.9987780855442807	1.0
340		0.7812021954836044	0.9413417928633473	0.9750237139176354	1.0
341		0.6015714024778248	0.8487012086053363	0.9004024583970959	1.0
342		0.43571988822967717	0.5957239786968918	0.9400154386462867	1.0
343		0.6893636249324507	0.9821725515587434	0.9984779569506003	0.9999999999999998
344		0.8141642706802001	0.936453370562463	0.9966256585807451	1.0
345		0.7695246741336734	0.9178162975000035	0.9604206047357089	1.0
346		0.581431739890314	0.8581493689265348	0.9617279432180468	1.0
347		0.726099841757157	0.9208644162916244	0.963224848190251	1.0
348		0.7107196871902789	0.8684121853588014	0.9970185625282938	1.0
349		0.6925361962812877	0.8020326541348841	0.943156035960332	1.0
350		0.8450698286470583	0.9569068359941812	0.99547787458028	1.0
351		0.586497367015703	0.8038563390295081	0.8956222787559132	0.9999999999999996
352		0.7918480448577315	0.9113581679616352	0.9951552037789916	1.0
353		0.6801996795498797	0.8608427632405207	0.999191704013202	0.9999999999999996
354		0.6131306580535822	0.8092140414425846	0.9361163323139224	1.0
355		0.6132287532701957	0.8131171702820085	0.8576311811487596	1.0
356		0.686538579772889	0.8868448867376588	0.9904811827425046	1.0
357		0.6683805151802534	0.8277862377768923	0.9834303043185219	1.0
358		0.6765220304599638	0.9074513159258644	0.9644518986385182	0.9999999999999998
359		0.8603526145783801	0.9925195558007507	0.9991485196694261	1.0
360		0.8190531666779353	0.9081086848841415	0.9999976338873552	1.0
361		0.8115924239476963	0.8954723424697375	0.9958824202539248	1.0
362		0.7802695161607897	0.9493013759394547	0.9588548888013326	1.0
363		0.6790322179755005	0.8256302440340927	0.9706290474378392	1.0
364		0.568594057573278	0.8199084331520694	0.8912277465659837	1.0
365		0.7535225766426693	0.8369944797430001	0.9975735111855906	1.0
366		0.7060866557400619	0.8219282361685233	0.9903408110960107	0.9999999999999998
367		0.661490551107253	0.9384283334143376	0.9775616412094629	0.9999999999999998
368		0.5485609057118662	0.851585223130943	0.9578710782176915	1.0
369		0.6702871443207697	0.8532089555163122	0.9960752116822288	1.0
370		0.7306913061438327	0.9088802839120252	0.9960297188124095	1.0
371		0.72976226849954	0.8210052952574373	0.9006990497886894	1.0
372		0.7543449626788418	0.9273703582731196	0.9920882371970537	0.9999999999999996
373		0.8255095650712254	0.9191514531020544	0.985347623237094	0.9999999999999996
374		0.6587388288165881	0.8653282385391894	0.909990979924599	1.0
375		0.847616147535997	0.9365347175171407	0.9771413651943947	1.0
376		0.7745442202359362	0.8943555622722472	0.9994569864353275	1.0
377		0.7378976405148765	0.7853839912629674	0.9438704041699795	1.0
378		0.7475832422901648	0.9621214753180662	0.9922687644081464	1.0
379		0.7402685841338473	0.9070959449166908	0.9614860240580306	1.0
380		0.7276493821220827	0.8693461694240716	0.8930014758653431	0.9999999999999996
381		0.6344227881915072	0.7057683277317627	0.9175078533270951	1.0
382		0.7925391542688274	0.9481893591227719	0.9891206921762806	0.9999999999999996
383		0.5619614442187427	0.8642811957397367	0.9524138734623645	1.0
384		0.6790549378996961	0.7720795218696163	0.8696796875357761	1.0
385		0.589845123269854	0.7067959317584318	0.991636115991718	0.9999999999999996
386		0.5307982804557262	0.6233546769361061	0.8894691052531739	0.9999999999999996
387		0.7211690621186604	0.9356170207851985	0.9586006598400524	1.0
388		0.5378377903431814	0.7601045157127184	0.9182166723148262	1.0
389		0.7113974357350545	0.8916359860077101	0.9837298000251147	1.0
390		0.7470674952333212	0.8468552497351038	0.9718187201881636	1.0
391		0.7094469616071719	0.8689535170532913	0.9694101854024122	1.0
392		0.5678504434563433	0.9079176017004804	0.9511742157807862	0.9999999999999998
393		0.5788969412204672	0.7285061103010562	0.9066952497855276	1.0
394		0.8354422228524161	0.9342262937933259	0.9905604016862584	1.0
395		0.5169888278070977	0.7693460901179741	0.984036758606265	1.0
396		0.8102136671370415	0.8819808221924117	0.9968017788871567	1.0
397		0.6853178440900115	0.8386632030126429	0.9813958268497378	1.0
398		0.7277396174665062	0.8750242954232058	0.9902926226488775	1.0
399		0.723974567660007	0.8125928316037233	0.9429411829135028	1.0
400		0.5631628620996645	0.6637236250954555	0.9380243380210875	1.0
401		0.6653630251315452	0.7916496439210163	0.9084858278673638	1.0
402		0.7104601098362184	0.8820048892077554	0.9959349121736646	1.0
403		0.6157857136825674	0.9244643926150848	0.9658621658539281	0.9999999999999998
404		0.7580725229615746	0.88106851146791	0.9893447066727937	1.0
405		0.7815988056027364	0.9698716078578422	0.9996753176142711	1.0
406		0.6821767562745621	0.7732336520932162	0.9411726127016651	1.0
407		0.8037357508345792	0.9601080240517759	0.9905430102698459	1.0
408		0.871615060611806	0.9300890428475307	0.9959422648674869	1.0
409		0.7432841220271624	0.9382965319437645	0.9986080002962728	0.9999999999999996
410		0.741965483871214	0.8649326566076145	0.8876014543506732	0.9999999999999996
411		0.6943184424340113	0.9331134710827925	0.9999611903926544	0.9999999999999996
412		0.5428488290020808	0.7846890843377644	0.9020223724246654	1.0
413		0.7851870793645641	0.902193761318451	0.9999805384008782	0.9999999999999998
414		0.7284387595415023	0.9033962937927938	0.9654983351337622	1.0
415		0.6848088281259281	0.8344027501418494	0.9716510515135305	1.0
416		0.7152739093264144	0.840294654384297	0.9510854372863643	1.0
417		0.7693333571081132	0.9138517977668568	0.9783521178005578	1.0
418		0.6650200155835256	0.8376352564213193	0.9811046203138167	1.0
419		0.7755115468052508	0.9673393564211785	0.9995208337253696	1.0
420		0.6475913988823039	0.8732313414797694	0.9900563663449868	1.0
421		0.6609628545306373	0.8485697589749304	0.945103798617535	1.0
422		0.8033189536425932	0.8777569608640448	0.9693508630934861	1.0
423		0.7149214938044833	0.8668211615766679	0.9702544818561316	0.9999999999999998
424		0.7000840688760875	0.8989612668199812	0.9984669436014789	0.9999999999999996
425		0.7577813854038088	0.8180736459016973	0.9413099980795564	1.0
426		0.7857680199147555	0.9067252408150057	0.9555187545187052	1.0
427		0.7879645065472322	0.8869088840516988	0.965169086104991	1.0
428		0.741554629476171	0.9081830300289775	0.9994478640251745	1.0
429		0.8143683319053607	0.9407038913988208	0.9995802193948529	0.9999999999999996
430		0.6376123978913126	0.825498280162228	0.9912535211723926	0.9999999999999996
431		0.7447180986951524	0.8795552597949526	0.9716676466215138	1.0
432		0.6327417909220494	0.8082562587582387	0.9847676246990349	1.0
433		0.8048774587454811	0.9299259866093945	0.9800894773807647	1.0
434		0.8191412686638442	0.9224164223406509	0.9699505798992167	1.0
435		0.5152009116873231	0.7916939859249655	0.9694348547009325	0.9999999999999996
436		0.6889729263331837	0.8422383033749209	0.9766417381165315	0.9999999999999996
437		0.6523449305719478	0.7829187113322619	0.9534325480724495	1.0
438		0.5597187896012912	0.778595043128186	0.9734326748485581	0.9999999999999996
439		0.7742546801526493	0.8877027322986591	0.9783213860448856	1.0
440		0.6444044134978055	0.7417409455566637	0.8648260688568339	1.0
441		0.6735706410537743	0.8076564013797629	0.9929321203694939	0.9999999999999998
442		0.7398424020906866	0.925409223723051	0.9604445647311094	0.9999999999999996
443		0.7156062201474976	0.8956138973575924	0.9550104176477053	1.0
444		0.6420896099701547	0.7892325269220257	0.9610710351380226	0.9999999999999998
445		0.6447976099386363	0.9480906516883153	0.9711688344829227	1.0
446		0.4917456405239678	0.7715076700700979	0.9987379846654774	1.0
447		0.7379066732505447	0.9110411441339311	0.9998915281758328	1.0
448		0.7118541621836518	0.9500503944511395	0.9998327451879061	1.0
449		0.6525763899270566	0.8129325158622721	0.8771990850742349	1.0
450		0.7764591909701779	0.9305288221924156	0.9893161804578329	1.0
451		0.7946495671793893	0.9776439727102566	0.9942063521447007	1.0
452		0.8358125245776259	0.9070855800683402	0.9945962191008876	0.9999999999999996
453		0.8737055526198569	0.9557087940639927	0.9999012936384051	1.0
454		0.7176759120482432	0.8501682896961897	0.9981472143574187	1.0
455		0.6654843693648557	0.8343709036247903	0.9996474318079072	1.0
456		0.6670376622613665	0.7529512539853986	0.8419591338745323	1.0
457		0.7229210590981473	0.9101238033521714	0.999957094745585	1.0
458		0.7513418923532661	0.9161592410170524	0.9995276129680573	0.9999999999999998
459		0.7269973048833549	0.8833293887674133	0.9629429959141904	0.9999999999999996
460		0.5071054674155093	0.7958118227362212	0.968565135070216	0.9999999999999996
461		0.6213761388254883	0.844913477666886	0.9607079200086495	1.0
462		0.6893187115178755	0.7986405494526314	0.9907945087767642	1.0
463		0.5946118420228302	0.941482545253005	0.9957852921733167	1.0
464		0.7917483980729136	0.9298915721134604	0.9484023403537541	1.0
465		0.5436629270754089	0.8127734343222378	0.8608617708393446	0.9999999999999996
466		0.7360053035212507	0.9001540604204167	0.9903488944063561	1.0
467		0.7085481053693754	0.8943265979961273	0.9900723358717654	1.0
468		0.5402582136163996	0.7279073763881327	0.9687408598053638	1.0
469		0.7503968336726551	0.9113123208854423	0.9513081472520631	1.0
470		0.8329624793301482	0.9285311900572687	0.9614947327719934	0.9999999999999998
471		0.5410188688056904	0.7575233699467868	0.9117040143601636	0.9999999999999996
472		0.6241325144711934	0.8574328473283992	0.9344501785821302	0.9999999999999998
473		0.5897032768837103	0.7267984840301261	0.9988700353896647	1.0
474		0.7550814020976517	0.8489466339008351	0.9718391954990474	0.9999999999999996
475		0.6828807074947173	0.8617403329120593	0.9729120033859132	1.0
476		0.6716238095955187	0.8381572647967086	0.9952289941627455	1.0
477		0.7287643180327092	0.897914683383115	0.9999705362389886	1.0
478		0.4782503480878331	0.7746042281310465	0.9075107128783906	1.0
479		0.8431018981469341	0.9358481677611273	0.9941334981438554	1.0
480		0.8491919535131585	0.8991413141340077	0.9544104541709175	1.0
481		0.8086273246222394	0.8908027792181371	0.9310584559083427	1.0
482		0.5509534349019924	0.8264388119786316	0.9561527174995769	1.0
483		0.7349268313025831	0.8646119475557488	0.9498596577095123	1.0
484		0.6015942389316479	0.8225681207375327	0.9462477591007998	1.0
485		0.6973907282108859	0.8385686805089693	0.9995712650653356	1.0
486		0.6374898191583306	0.7891347146997219	0.9726580003760255	1.0
487		0.871282256629569	0.8970441931376093	0.9535481910142044	1.0
488		0.764796124456709	0.9407047620927975	0.9762354798789484	1.0
489		0.6679216015978819	0.7894713298386886	0.9948842026195094	1.0
490		0.3833391043266737	0.6811613983694921	0.9999947372799326	1.0
491		0.5919938198824547	0.8169070383477469	0.9973112510445259	1.0
492		0.5069213592538389	0.7429213209474468	0.9345631044882315	1.0
493		0.7489007939077106	0.9399206077630168	0.9915504120554997	1.0
494		0.7668697213576877	0.9154298505230631	0.9950411778331896	0.9999999999999998
495		0.6226116909346824	0.7420047727509474	0.8800306322182135	1.0
496		0.7954072945035467	0.9346560382915535	0.9687793720914941	1.0
497		0.8759370445657741	0.9385701331474194	0.9921210713332604	0.9999999999999996
498		0.7083700837471216	0.8686238286403531	0.9937016975603609	1.0
499		0.7582207361281948	0.885932844131168	0.9725079099717266	1.0
